{
	"bmi-installation" : null,
	"compiler-frontend-variant" : "GNU",
	"compiler-id" : "GNU",
	"compiler-simulate-id" : "",
	"config" : "Debug",
	"cxx-modules" : {},
	"dir-cur-bld" : "/home/brandon/CLionProjects/Exceptions/cmake-build-debug",
	"dir-cur-src" : "/home/brandon/CLionProjects/Exceptions",
	"dir-top-bld" : "/home/brandon/CLionProjects/Exceptions/cmake-build-debug",
	"dir-top-src" : "/home/brandon/CLionProjects/Exceptions",
	"exports" : [],
	"forward-modules-from-target-dirs" : [],
	"include-dirs" : [],
	"language" : "CXX",
	"linked-target-dirs" : [],
	"module-dir" : "/home/brandon/CLionProjects/Exceptions/cmake-build-debug/CMakeFiles/Exceptions.dir"
}